Tibetan Name (Original),File Number,English Name,Status, Section ,,,
 ??? ???????????????????????????????? , 4|1 ,Department of Religion & Culture,Active, Head Office ,,,
 ??? ????????????????????? , 4|2 ,Library of Tibetan Works and Archives (LTWA),Active, Head Office ,,,
 ??? ???????????????????????????? , 4|3 ,Department of Education,Active, Head Office ,,,
 ???(?) ?????????????????????????? , 4|3 A ,STSS Head Office,Active, Head Office ,,,
 ???? ??????????????????? , 4|11 ,Sherig Parkhang,Active, Head Office ,,,
 ???? ???????????????????????????????????????????? , 4|12 ,TCV Head Office,Active, Head Office ,,,
 ???? ????????????????????????????? , 4|13 ,TCV Handicraft-Cum-Vocational Traning Centre,Active, Head Office ,,,
 ???? ????????????????? , 4|15 ,Department of Information and International Relations (DIIR),Active, Head Office ,,,
 ???? ???????????????????????????? , 4|25 ,Hotel Tibet Dharamshala ,Active, Head Office ,,,
 ???? ????????????????????? , 4|29 ,Department of Health,Active, Head Office ,,,
 ???? ????????????????? , 4|30 ,Delek Hospital,Active, Head Office ,,,
 ???? ??????????????????????????????????????? , 4|31 ,Mentsekhang Head Office,Active, Head Office ,,,
, 4|31 A ,Mentsekhang Branches (Under Head Office),Active, Head Office ,,,
, 4|31 B ,Mentsekhang HPRD,Active, Head Office ,,,
, 4|31 C ,Mentsekhang Menzoe (Medicine Godown),Active, Head Office ,,,
, 4|31 D ,Mentsekhang Pharmacy,Active, Head Office ,,,
 ???? ???????????????? , 4|40 ,Office of Auditor General,Active, Head Office ,,,
 ???? ????????????????????????? , 4|41 ,Lower TCV School,Active, Head Office ,,,
 ???? ??????????????????????????????????????? , 4|44 ,Department of Home,Active, Head Office ,,,
 ???? ??????????????????????????? , 4|46 ,"Dharamshala Tibetan 
Handicraft Production Cum Sales Co-operative industrial society ltd",Active, Head Office ,,,
 ???? ????????????????????????????? , 4|47 ,Dalhousie Tibetan Refugee Handicraft Center (Phuntsokling),Active, Head Office ,,,
 ???? ???????????????????????????? , 4|82 ,Reception Center(Head Office),Active, Head Office ,,,
 ???? ???????????????? , 4|86 ,Chi-Par Section,Active, Head Office ,,,
 ???? ????????????????????????????????????? , 4|88 ,Department of Finance,Active, Head Office ,,,
 ???? ???????????????????????????????? , 4|89 ,TAWS Gas,Active, Head Office ,,,
 ????? ????????????????? , 4|101 ,Kashag Secretariat,Active, Head Office ,,,
 ????? ????????????????? , 4|102 ,Planning Commision,Active, Head Office ,,,
 ????? ???????????????????????????? , 4|104 ,Public Service Commission,Active, Head Office ,,,
 ????? ????????????????????????????????????????????  , 4|105 ,Department of Finance TAWS,Active, Head Office ,,,
 ????? ????????????????? , 4|106 ,Department of Security,Active, Head Office ,,,
 ?????(?) ???????? , 4|106 ,Tibet Policy Institute,Active, Head Office ,,,
 ????? ????????????????? , 4|111 ,Tibetan Institute of Performing Arts (TIPA),Active, Head Office ,,,
 ????? ?????????????????? , 4|122 ,Parliamentary Secretariat,Active, Head Office ,,,
 ????? ??????????????????????????? , 4|124 ,Dhasa Tibetan Settlement Office,Active, Head Office ,,,
 ????? ???????????????????????? , 4|141 ,Tibetan Supreme Justice Commission,Active, Head Office ,,,
 ????? ???????????????? , 4|143 ,Election Commission,Active, Head Office ,,,
 ????? ???????????????????????????????????? , 4|144 ,Department of Finance SARD,Active, Head Office ,,,
 ????? ??????????????????????????? , 4|146 ,Gangkyi Staff Mess,Active, Head Office ,,,
 ????? ?????????????????????? , 4|147 ,Dhasa BRDL,Active, Head Office ,,,
 ????? ??????????????????? , 4|150 ,Gopalpur TCV,Active, Head Office ,,,
 ????? ???????????????????????????????????????? , 4|151 ,Norbulingka Institute of Tibetan Culture,Active, Head Office ,,,
, 4|151 A ,Choenor ,Active, Head Office ,,,
 ????? ??????????????????????????????????????????? , 4|153 ,Tibetan Centre for Human Rights and Democracy,Active, Head Office ,,,
 ????? ?????????????????????????? (Village) , 4|164 ,Upper TCV School,Active, Head Office ,,,
 ????? ??????????????????????????????????????????? TTC & EDRC  , 4|165 ,TCV  TTC & EDRC,Active, Head Office ,,,
 ????? ???????????????????????????? , 4|183 ,Gnagkyi STS School,Active, Head Office ,,,
 ????? ?????????????????????????? , 4|198 ,Sambhota Mewoen Tsuglag Petoen School,Active, Head Office ,,,
 ????? ?????????????????? , 4|201 ,Thekchen Choeling,Active, Head Office ,,,
 ????? ????????????????? , 4|203 ,His Holiness Private Office,Active, Head Office ,,,
 ????? ????????????????????????????????????????? , 4|208 ,TCV Head Office and Sur-Nyul,Active, Head Office ,,,
 ????? ??????????????????????????????????? , 4|210 ,Upper TCV Sur-Nyul,Active, Head Office ,,,
 ????? ???????????????????? , 4|233 ,Dalhousie Tibetan Settlement Office,Active, Head Office ,,,
 ????? ????????????????????????? , 4|246 ,Sherab Ga-tsel-Ling School,Active, Head Office ,,,
 ????? ??????????????????????????????????????????? , 4|247 ,STSS Member Head Office,Active, Head Office ,,,
 ????? ????????????????????????????????????????????????????? , 4|244 ,TAWS and Trust's Staff Provident Fund,Active, Head Office ,,,
 ????? ??????????????????????????????????????????? , 4|251 ,TCV Staff Gratuity Fund Trust & Pension Fund,Active, Head Office ,,,
 ????? ??????????????????? , 4|257 ,Paljor Dugoe (Revenue generation),Inactive, Head Office ,,,
 ????? ???????????????????????????????????????????? , 4|262 ,Central Council of Tibetan Medicine (CCTM),Active, Head Office ,,,
 ????? ??????????????? , 4|294 ,Dalhousie BRDL,Active, Head Office ,,,
 ????? ??????????????????????????? , 4|309 ,Kalachakra Committee,Inactive, Head Office ,,,
 ????? ???????????????????????????? , 4|318 ,SFF BRDL,Active, Head Office ,,,
 ????? ??????????????????????????????? , 4|344 ,Gang-Jong Development Finance Private Ltd,Active, Head Office ,,,
 ????? ??????????????????????????????? , 4|350 ,Tibetan National Sports Association,Active, Head Office ,,,
??? ?????????????????????????,4|5,Manali STS School,Active, Head Office ,,,
???? ?????????????????????????????????,4|54,Kullu Settlement Office,Active, Head Office ,,,
????? ????????????????????????????,4|226,Shimla Tibetan Settlement Office,Active, Head Office ,,,
???? ?????????????,4|56,Shimla Tibetan Refugee Self Help Handicraft Society,Active, Head Office ,,,
????? ?????????????????????????,4|182,Bhuntar STS School,Inactive, Head Office ,,,
????? ?????????????????????????????????????????,4|194,Patlikul Lhadri and Talior Traning School,Inactive, Head Office ,,,
????? ????????????????????????????????,4|227,"Mandi Settlement Office 
(Pandoh Tashi-Ling, Tso Pema, Sundernagar and Mandi)",Active, Head Office ,,,
????? ??????????????,4|230,Shimla BRDL,Active, Head Office ,,,
????? ??????????????????????????,4|112,Pandoh Tashiling Tibetan Handicraft Training and Charitable Society,Active, Head Office ,,,
????? ??????????????,4|238,Shimla Primary Health Center,Active, Head Office ,,,
????? ?????????????????????????,4|355,Shimla CTSA (Unit of Sambhota Tibetan Schools Society),Active, Head Office ,,,
????? ??????????????????????????,4|239,Pandoh Tashiling Primary Health Center,Active, Head Office ,,,
????? ??????????????,4|249,Bon Tibetan Settlement Office,Active, Head Office ,,,
?????? ?????????????????????????????,4|249A,Bon Primary Health Care Centre,Active, Head Office ,,,
????? ?????????????????????????????,4|263,Bhuntar Teachers Training College,Active, Head Office ,,,
????? ??????????????????????????,4|264,Sundernagar BRDL,Active, Head Office ,,,
????? ??????????????????????????,4|265,Dolanji BRDL,Active, Head Office ,,,
????? ??????????????,4|293,Kullu BRDL,Active, Head Office ,,,
????? ?????????????????????????,4|297,Mandi & Tso-Pema BRDL,Active, Head Office ,,,
????? ?????????????????????????????,4|299,Pandoh BRDL,Active, Head Office ,,,
????? ????????????????????????????????????,4|326,Dolanji Sambhota Tibetan School,Active, Head Office ,,,
???? ????????????????????????????,4|14,Bir Suja TCV School,Active, Head Office ,,,
???? ???????????????????????,4|49,Chauntra Nangchen Division Tibetan Khampa industrial Society,Active, Head Office ,,,
???? ?????????????????????,4|50,Bir Dege Division Tibetan Khampa industrial Society,Inactive, Head Office ,,,
???? ??????????????????????,4|51,Bir Tibetan Society,Active, Head Office ,,,
???? ??????????????????????????????,4|87,Bir Primary Health Care Centre of 3 Settlement,Active, Head Office ,,,
????? ??????????????????????????,4|174,Chauntra TCV School,Active, Head Office ,,,
????? ??????????????????????????,4|181,Chauntra STS School,Active, Head Office ,,,
????? ???????????????????????,4|188,Bir Suja STS School,Inactive, Head Office ,,,
????? ?????????????????????,4|221,Chauntra Tibetan Settlement Office,Active, Head Office ,,,
????? ??????????????????????????,4|228,Bir Dege Tibetan Settlement Office,Active, Head Office ,,,
????? ???????????????????????????,4|232,Bir Tibetan Society Settlement Office,Active, Head Office ,,,
????? ??????????????????????,4|281,Bir Tibetan Society BRDL,Active, Head Office ,,,
????? ?????????????????,4|296,Chauntra BRDL,Active, Head Office ,,,
????? ??????????????????????????????????????,4|300,Chauntra Sowa-Rigpa Study & Research (CSRSR) (Unit of TMAI),Active, Head Office ,,,
????? ?????????????????????,4|301,Bir Dege BRDL,Active, Head Office ,,,
????? ??????????????????????,4|356,Tashi Jong BRDL,Active, Head Office ,,,
??? ???????????????????????????,4|9,Office of Tibet - Swiss,Active, Head Office ,,,
???? ?????????????????????????,4|10,Office of Tibet - US,Active, Head Office ,,,
???? ??????????????????????????????,4|39,Office of Tibet - London (UK),Active, Head Office ,,,
???? ???????????????????????????,4|42,Office of Tibet - Japan,Active, Head Office ,,,
???? ????????????????????????????,4|91,Office of Tibet - France,Active, Head Office ,,,
???? ??????????????????????????????????,4|93,Office of Tibet - Pretoria (South Africa),Active, Head Office ,,,
???? ???????????????????????????????????????????????????,4|94,Office of Tibet - Taiwan,Active, Head Office ,,,
???? ???????????????????????????????????,4|95,Office of Tibet - Australia,Active, Head Office ,,,
????? ???????????????,4|237,Office of Tibet - Russia,Active, Head Office ,,,
????? ??????????????????????????????????,4|324,Office of Tibet - South America,Active, Head Office ,,,
???? ????????????????????????????,4|36,Delhi Settlement Office,Inactive, Dekyiling Branch ,,,
???? ???????????????????????????,4|38,Tibet Bureau Delhi,Inactive, Dekyiling Branch ,,,
????? ???????????????????????,4|128,Delhi Reception Centre Branch,Inactive, Dekyiling Branch ,,,
????? ???????????????????????,4|130,Delhi TCV Youth Hostel,Inactive, Dekyiling Branch ,,,
????? ????????????????????????????,4|195,Federation of Tibetan Cooperatives in India Head Quarter ,Inactive, Dekyiling Branch ,,,
????? ???????????????????????????????????????????,4|199,"Federation of Tibetan Cooperatives in India, Delhi",Inactive, Dekyiling Branch ,,,
????? ?????????????????????,4|205,Delhi BRDL,Inactive, Dekyiling Branch ,,,
????? ??????????????????????????,4|229,Delhi Samyeling Primary Health Center,Inactive, Dekyiling Branch ,,,
????? ???????????????,4|250,Tibet House - Delhi,Inactive, Dekyiling Branch ,,,
????? ???????????????????????????????????,4|354,Delhi Men-Tse-Khang Exports,Inactive, Dekyiling Branch ,,,
??? ?????????????????????????,4|6,Nepal Songtsen Bhrikuti Boarding High School,Inactive, Nepal Branch ,,,
??? ????????????????????????????????????,4|7,Nepal Swoyambhu Namgyal Middle Boarding School,Inactive, Nepal Branch ,,,
??? ?????????????????????????????????,4|8,Nepal Gokarna Namgyal Higher Secondary School,Inactive, Nepal Branch ,,,
???? ??????????????????????????????????????????????????,4|62,Nepal Sharkhum Delek-ling Handicraft Centre,Inactive, Nepal Branch ,,,
???? ????????????????????????,4|66,Nepal Jawalakhel Handicraft Centre,Inactive, Nepal Branch ,,,
???? ???????????????????,4|68,Jawalakhel Bahumukhi Co-operative Society Ltd,Inactive, Nepal Branch ,,,
???? ?????????????????????????????,4|96,Nepal CTC Carpets,Inactive, Nepal Branch ,,,
???? ???????????????????????????????????,4|97,Nepal Gaden Carpets,Inactive, Nepal Branch ,,,
????? ???????????????????????????????????????,4|113,Nepal Pokhara Tashi Palkhiel Handicraft Centre,Inactive, Nepal Branch ,,,
????? ??????????????????????????????????????,4|115,Nepal Reception Centre Branch,Inactive, Nepal Branch ,,,
????? ????????????????????????????????,4|117,Nepal Jawalakhel Atisha Primary School,Inactive, Nepal Branch ,,,
????? ????????????????????????????????????????,4|119,Nepal Pokhara Tashiling Settlement Office,Inactive, Nepal Branch ,,,
????? ??????????????????????????????,4|126,Nepal Snow-Lion Foundation,Inactive, Nepal Branch ,,,
????? ???????????????????????????????? ??????????????????????????,4|133,"Nepal Pokhara Lodrik Society, Annapurna Guest House",Inactive, Nepal Branch ,,,
????? ?????????????????????????????????,4|155,Pokhara Tashi Palkhiel Tibetan Co-operative Society Ltd,Inactive, Nepal Branch ,,,
????? ?????????????????????????????????? ?????????????,4|156,Nepal Pokhara Tashiling Settlement Office,Inactive, Nepal Branch ,,,
????? ??????????????????????????,4|179,Nepal Tsering Elder's Home,Inactive, Nepal Branch ,,,
????? ??????????????????????????????????????????,4|185,Nepal Paljorling Primary Health Center,Inactive, Nepal Branch ,,,
????? ???????????????????????????????????????,4|186,Nepal Jampaling Primary Health Center,Inactive, Nepal Branch ,,,
????? ???????????????????????????????????????,4|207,Nepal Kathmandu & Phakshing Settlement Office,Inactive, Nepal Branch ,,,
????? ??????????????????????????????,4|209,Nepal Choejor Settlement Office,Inactive, Nepal Branch ,,,
????? ???????????????????????? ?????????? ???????????????????????,4|216,"Nepal Lodrik Jampaling, Paljorling and Tashigang Settlement Office",Inactive, Nepal Branch ,,,
????? ?????????????????????????????,4|218,Nepal Mentse Khang,Inactive, Nepal Branch ,,,
???? ???????????????????,4|61,Nepal Sharkhum Tibetan Settlement Office,Inactive, Nepal Branch ,,,
????? ??????????????????,4|270,Nepal Jorpati BRDL,Inactive, Nepal Branch ,,,
????? ?????????????????????????,4|271,Nepal Boudha BRDL,Inactive, Nepal Branch ,,,
????? ??????????????????????,4|272,Nepal Kathmandu BRDL,Inactive, Nepal Branch ,,,
????? ????????????????????????,4|273,Nepal Pharshing BRDL,Inactive, Nepal Branch ,,,
????? ????????????????????????,4|280,Nepal Jawalakhel BRDL,Inactive, Nepal Branch ,,,
????? ????????????????????????????,4|284,Nepal Pokhara Tashiling BRDL,Inactive, Nepal Branch ,,,
????? ???????????????????????????????,4|285,Nepal Pokhara Palkhiel BRDL,Inactive, Nepal Branch ,,,
????? ??????????????????????????????,4|286,Nepal Pokhara Paljorling BRDL,Inactive, Nepal Branch ,,,
????? ???????????????????????????,4|287,Nepal Pokhara Jampaling BRDL,Inactive, Nepal Branch ,,,
????? ?????????????????????????????,4|314,Nepal Norzinling BRDL,Inactive, Nepal Branch ,,,
????? ???????????????????????????????????,4|338,Nepal Sharkhum Delekling BRDL,Inactive, Nepal Branch ,,,
????? ????????????????????????????,4|339,Nepal Sharkhum Nagche BRDL,Inactive, Nepal Branch ,,,
????? ??????????????????????????????????,4|341,Nepal Walung Sampheling BRDL,Inactive, Nepal Branch ,,,
????? ??????????????????????????,4|345,Nepal Manang BRDL,Inactive, Nepal Branch ,,,
????? ???????????????????????????????????,4|349,Rasuwa Gegyeling BRDL,Inactive, Nepal Branch ,,,
???? ?????????????????????????????,4|32,Mainpat Tibetan Settlement Office,Inactive, South Branch ,,,
???? ??????????????????????????,4|59,Mainpat Tibetan Refugee Multipurpose Co-operative Society Ltd,Inactive, South Branch ,,,
???? ??????????????????????????????,4|60,Orisa Settlement Office,Inactive, South Branch ,,,
???? ?????????????????????????????????????????,4|69,Odisha Phuntsokling Multi-Purppose Tibetan Co-operative Society Ltd,Inactive, South Branch ,,,
???? ??????????????????????????????????????????,4|70,Odisha Phuntsokling Tibetan Handicraft Centre,Inactive, South Branch ,,,
???? ??????????????????????????????????,4|77,Bandra Tibetan Settlement Office & Chimi Office,Inactive, South Branch ,,,
???? ??????????????????????????????????????????,4|78,Bhandara Norgyeling Tibetan Multi-Purpose Co-operative Society Ltd,Inactive, South Branch ,,,
???? ??????????????????????????????,4|99,Odisha Primary Health Center,Inactive, South Branch ,,,
????? ?????????????????????????????????????,1|132,Odisha Phuntsokling LTA,Inactive, South Branch ,,,
????? ?????????????????????????????,4|178,Bhandara Primary Health Center,Inactive, South Branch ,,,
????? ???????????????????????????????????????,4|217,Mainpat Phendeyling Primary Health Center,Inactive, South Branch ,,,
?????? ?????????????????,|4|304,Bhandara BRDL,Inactive, South Branch ,,,
????? ??????????????????????????,4|305,Bandra STS School,Inactive, South Branch ,,,
????? ????????????????????????,4|308,Mainpat STS School,Inactive, South Branch ,,,
????? ?????????????????????,4|313,Mainpat BRDL,Inactive, South Branch ,,,
????? ??????????????????????????????????????????????,4|346,Lobersing Primary School,Inactive, South Branch ,,,
????? ???????????????????????????????????????????????,4|347,Chandragiri Primary School,Inactive, South Branch ,,,
??? ?????????????????????????,4|4,Paonta STS School,Inactive, Dekyiling Branch ,,,
???? ????????????????????????,4|48,Paonta Tibetan Cholsum Industrial Society,Inactive, Dekyiling Branch ,,,
???? ?????????????????? ??????????????,4|53,Sataun Kham Kathok Tibetan Society,Inactive, Dekyiling Branch ,,,
???? ?????????????????? ?????????????????,4|57,Dehradun Settlement Office & Drinking Water Project,Inactive, Dekyiling Branch ,,,
???? ???????????????????????????????????????,4|58,Dekyiling Tibetan Handicraft Cum Training & Charitable Society,Inactive, Dekyiling Branch ,,,
????? ???????????????????????????????????????,4|152,Dehradun TCV Tibetan Private Industrial Training Institute (TCV ITI),Inactive, Dekyiling Branch ,,,
????? ???????????????????????,4|154,Dekyiling Primary Health Center,Inactive, Dekyiling Branch ,,,
????? ?????????????????,4|160,THF Mussoorie,Inactive, Dekyiling Branch ,,,
????? ??????????????????????????????????????????????,4|162,Ngoenga School for Tibetan Children with Special Needs,Inactive, Dekyiling Branch ,,,
????? ???????????????????????????????,4|168,Rajpur Tibetan Women's Centre,Inactive, Dekyiling Branch ,,,
????? ???????????????????????????,4|175,Dehradun Selakui TCV School,Inactive, Dekyiling Branch ,,,
????? ?????????????????????????????,4|191,Puruwala STS School,Inactive, Dekyiling Branch ,,,
????? ?????????????????????????????????,4|193,Dekyiling STS School,Inactive, Dekyiling Branch ,,,
????? ?????????????????????????????,4|206,Dekyiling LTA,Inactive, Dekyiling Branch ,,,
????? ???????????????????????????? ,4|211,Dhondupling BRDL,Inactive, Dekyiling Branch ,,,
????? ????????????????,4|241,Mussoorie BRDL,Inactive, Dekyiling Branch ,,,
????? ???????????????????????,4|212,Lingtsong BRDL,Inactive, Dekyiling Branch ,,,
????? ???????????????????????,4|213,Dekyiling BRDL,Inactive, Dekyiling Branch ,,,
????? ??????????????????????????????,4|214,Paonta Cholsum BRDL,Inactive, Dekyiling Branch ,,,
????? ??????????????????,4|220,Rajpur BRDL,Inactive, Dekyiling Branch ,,,
????? ???????????????????,4|222,Sataun Kathok Tibetan Settlement Office,Inactive, Dekyiling Branch ,,,
????? ?????????????????????,4|223,Herbertpur Doegu Yugyaling Settlement Office,Inactive, Dekyiling Branch ,,,
????? ?????????????????????????,4|224,Puruwala Sakya Settlement Office,Inactive, Dekyiling Branch ,,,
????? ?????????????????????????????,4|225,Paonta Cholsum Settlement Office,Inactive, Dekyiling Branch ,,,
????? ???????????????????,4|234,Puruwala BRDL,Inactive, Dekyiling Branch ,,,
????? ?????????????????,4|248,Herbertpur BRDL,Inactive, Dekyiling Branch ,,,
????? ?????????????????,4|242,Puruwala BRDL,Inactive, Dekyiling Branch ,,,
????? ????????? ????????????????????,4|258,Sataun Kathok Primary Health Center,Inactive, Dekyiling Branch ,,,
????? ????????????????,4|275,Kumrao BRDL,Inactive, Dekyiling Branch ,,,
????? ????????????????????????????,4|276,Kumrao Primary Health Center,Inactive, Dekyiling Branch ,,,
????? ??????????????????????,4|277,Kumrao Settlement Office,Inactive, Dekyiling Branch ,,,
????? ??????????????????????????????,4|283,Kumrao Tibetan Welfare Society,Inactive, Dekyiling Branch ,,,
????? ?????????????????,4|303,Nanital BRDL,Inactive, Dekyiling Branch ,,,
????? ??????????????????????????,4|320,Saharanpur BRDL,Inactive, Dekyiling Branch ,,,
????? ????????????????????????,4|329,Haridwar BRDL,Inactive, Dekyiling Branch ,,,
????? ?????????????????????????,4|334,Salugara Incense Production Unit (A Unit of TMAI),Inactive, Dekyiling Branch ,,,
????? ?????????????????????????????????????,4|335,Bhutan Tibetan Welfare Office,Inactive, Dekyiling Branch ,,,
????? ????????????????????,4|336,Bhutan BRDL,Inactive, Dekyiling Branch ,,,
????? ?????????????????????????????????,4|337,Sataun Chigyak Office,Inactive, Dekyiling Branch ,,,
????? ??????????????????????????????????,4|340,Paonta Cholsum Chigyak Office,Inactive, Dekyiling Branch ,,,
????? ????????????????????????????,4|343,Herbertpur Chigyak Office,Inactive, Dekyiling Branch ,,,
????? ???????????????????????????????????????????????,4|348,Dekyiling Sowarigpa,Inactive, Dekyiling Branch ,,,
????? ?????????????????????????????,4|353,Herbertpur Tibetan Joint Co-operative Agriculture Society Ltd,Inactive, Dekyiling Branch ,,,
????? ???????????????????????????,4|361,Mussoorie Sambhota Tibetan School,Inactive, Dekyiling Branch ,,,
????? ???????????????????????????,4|362,Herbertpur Sambhota Tibetan School,Inactive, Dekyiling Branch ,,,
???? ???????????????????????????????,4|27,Gangtok Hotel Tibet,Inactive, Dekyiling Branch ,,,
???? ??????????????????????????,4|63,Tenzin Gang Multipurpose Cooperative Society Ltd,Inactive, Dekyiling Branch ,,,
???? ?????????????????????????????,4|64,Tezu Dhargayling Tibetan Multipurpose Co-operative Society Ltd,Inactive, Dekyiling Branch ,,,
???? ?????????????????????????????,4|65,Miao Choephelling Tibetan Service Co-operative Society Ltd,Inactive, Dekyiling Branch ,,,
????? ?????????????????????????????,4|103,Bomdila Settlement Office,Inactive, Dekyiling Branch ,,,
????? ????????????????????????????????????,4|109,Tenzingang Settlement Office,Inactive, Dekyiling Branch ,,,
????? ????????????????????????????????????????,4|114,Gangtok Settlement Office & PHC,Inactive, Dekyiling Branch ,,,
????? ???????????????????????? ????????????????? ,4|127,Sonada Co-operative Society & School's Hostel,Inactive, Dekyiling Branch ,,,
????? ?????????????????????????????????????????,4|148,Tezu Dhargye Ling Settlement Office,Inactive, Dekyiling Branch ,,,
????? ?????????????????????????????????????????,4|149,Miao Choephelling Settlement Office,Inactive, Dekyiling Branch ,,,
????? ???????????????????????????,4|158,Gangtok STS ,Inactive, Dekyiling Branch ,,,
????? ?????????????????????????,4|352,Dimapur BRDL,Inactive, Dekyiling Branch ,,,
????? ????????????????????????????,4|357,Gangtok Primary Health Center,Inactive, Dekyiling Branch ,,,
????? ??????????????????????,4|358,Darjeeling Sambhota Tibetan School,Inactive, Dekyiling Branch ,,,
????? ????????????????,4|359,Kalimpong Sambhota Tibetan School,Inactive, Dekyiling Branch ,,,
????? ???????????????????????????????????,4|173,Ravangla Kunphenling Settlement Office & AET,Inactive, Dekyiling Branch ,,,
????? ??????????????????????????????,4|176,Ravangla Kunphenling Tibetan Co-operative Society Ltd,Inactive, Dekyiling Branch ,,,
????? ?????????????????????????,4|189,Shillong STS School,Inactive, Dekyiling Branch ,,,
????? ????????????????????????????????,4|190,Pokhriabong STS School,Inactive, Dekyiling Branch ,,,
????? ?????????????????????????????,4|202,Shillong Settlement Office,Inactive, Dekyiling Branch ,,,
????? ????????????????????????????????,4|215,Darjeeling Settlement Office,Inactive, Dekyiling Branch ,,,
????? ??????????????????????????,4|231,Sonada Tibetan settlement office and Primary Health Care,Inactive, Dekyiling Branch ,,,
????? ????????????????,4|235,Ravangla Primary Health Center,Inactive, Dekyiling Branch ,,,
????? ????????????????????,4|236,Kalimpong Settlement Office,Inactive, Dekyiling Branch ,,,
????? ???????????????,4|255,Shillong BRDL,Inactive, Dekyiling Branch ,,,
????? ?????????????????????????????,4|259,Tenzingang Primary Health Center,Inactive, Dekyiling Branch ,,,
????? ?????????????,4|260,Miao BRDL,Inactive, Dekyiling Branch ,,,
????? ??????????????????,4|261,Darjeeling BRDL,Inactive, Dekyiling Branch ,,,
????? ???????????????,4|266,Kalimpong BRDL,Inactive, Dekyiling Branch ,,,
????? ??????????????????,4|267,Salugara BRDL,Inactive, Dekyiling Branch ,,,
????? ?????????????????,4|290,Tuting BRDL,Inactive, Dekyiling Branch ,,,
????? ??????????????????????????,4|291,Tuting Tibetan Settlement Office & Primary Health Center,Inactive, Dekyiling Branch ,,,
????? ???????????????????????,4|240,Sonada Tibetan Settlement Office,Inactive, Dekyiling Branch ,,,
????? ??????????????????????????,4|245,Gangtok BRDL,Inactive, Dekyiling Branch ,,,
????? ??????????????,4|252,Tezu BRDL,Inactive, Dekyiling Branch ,,,
????? ???????????????,4|253,Ravangla BRDL,Inactive, Dekyiling Branch ,,,
????? ??????????????????,4|254,Sonada BRDL,Inactive, Dekyiling Branch ,,,
????? ?????????????????,4|256,Tenzingang BRDL,Inactive, Dekyiling Branch ,,,
????? ???????????????????,4|302,Bomdila BRDL,Inactive, Dekyiling Branch ,,,
????? ?????????????????????????,4|306,Tenzingang STS School,Inactive, Dekyiling Branch ,,,
????? ?????????????????????????,4|310,Olabari BRDL,Inactive, Dekyiling Branch ,,,
????? ??????????????????????? ??????,4|311,Jaigaon BRDL,Inactive, Dekyiling Branch ,,,
????? ????????????????????????,4|312,Ravangla STS School,Inactive, Dekyiling Branch ,,,
????? ?????????????????????,4|315,Miao STS,Inactive, Dekyiling Branch ,,,
????? ???????????????????????,4|316,Tezu STS School,Inactive, Dekyiling Branch ,,,
????? ????????????????????????,4|325,Tawang BRDL,Inactive, Dekyiling Branch ,,,
????? ????????????????????????????,4|342,Sonada STS School,Inactive, Dekyiling Branch ,,,
???? ?????????????????????????????,4|81,Ladakh Settlement Office,Inactive, Dekyiling Branch ,,,
????? ??????????????????????????????????????????,4|108,Ladakh Sonamling Tibetan Refugee Service Co-operative Society Ltd,Inactive, Dekyiling Branch ,,,
????? ???????????????????????????,4|123,Ladakh Primary Health Center,Inactive, Dekyiling Branch ,,,
????? ?????????????????????????,4|197,Ladakh TCV School,Inactive, Dekyiling Branch ,,,
????? ?????????????????????,4|204,Ladakh Leh BRDL,Inactive, Dekyiling Branch ,,,
????? ?????????????????????,4|278,Ladakh Jangthang BRDL,Inactive, Dekyiling Branch ,,,
????? ????????????????????????????????????,4|279,Ladakh Mentse Khang,Inactive, Dekyiling Branch ,,,
???? ?????????????????????????????,4|33,Mundgod Duguling Primary Health Center,Inactive, South Branch ,,,
???? ???????????????????????,4|34,Hunsur Tibetan Phende Hospital Association,Inactive, South Branch ,,,
???? ???????????????????????????,4|35,Kollegal Dondenling Primary Health Center,Inactive, South Branch ,,,
???? ?????????????????????????????????,4|37,Bylakuppe Tso-Jhe Khangsar Charity Hospital Society,Inactive, South Branch ,,,
???? ?????????????????????????????????????,4|71,Bylakuppe Lugsam Dairy Cooperative,Inactive, South Branch ,,,
???? ??????????????????????????????????????????????,4|72,Bylakuppe Dickey Larsoe Dairy Cooperative,Inactive, South Branch ,,,
???? ???????????????????????????????????,4|73,Hunsur Tibetan Rabgayling Primary Agricultural Credit Co-operative Society Ltd,Inactive, South Branch ,,,
???? ??????????????????????????????????,4|74,Kollegal Dhondenling Primary Agricultural Co-operative Society Ltd,Inactive, South Branch ,,,
???? ????????????????????????????????????????,4|83,Mundgod Doeguling Primary Agriculture Co-operative Society Ltd,Inactive, South Branch ,,,
???? ???????????????????????????????????????????,4|84,Mundgod Doeguling Settlement Office,Inactive, South Branch ,,,
???? ?????????????????????????,4|85,Bangalore South Zone Chief Representative Office,Inactive, South Branch ,,,
????? ???????????????????????????????????????,4|118,Bylakuppe Dickey Larsoe Settlement Office,Inactive, South Branch ,,,
????? ???????????????????????????????????????????,4|121,Hunsur Rabgayling Settlement Office,Inactive, South Branch ,,,
????? ????????????????????????????????????????,4|161,Bengaluru Institute For Small Trade Learning (Nelamangala),Inactive, South Branch ,,,
????? ???????????????????????????????????????????????,4|166,Bylakuppe Organic Research & Training Center,Inactive, South Branch ,,,
????? ??????????????????????????????????,4|351,Bengaluru Men-Tse-Khang (Sowa Rigpa) College,Inactive, South Branch ,,,
????? ???????????????????????,4|167,Hunsur Gurupura Milk Producers' Co-operative Society Ltd,Inactive, South Branch ,,,
????? ?????????????????????????????????,4|169,Bylakuppe BRDL,Inactive, South Branch ,,,
????? ????????????????????????????????????????,4|170,Bylakuppe Lugsung Samdupling Settlement Office,Inactive, South Branch ,,,
????? ?????????????????????????????????????????,4|171,Kollegal Dhondenling Settlement Office,Inactive, South Branch ,,,
????? ??????????????????????,4|172,Kollegal Local Assembly,Inactive, South Branch ,,,
????? ?????????????????????????,4|192,Bangalore TCV Youth Hostel,Inactive, South Branch ,,,
????? ?????????????????????????,4|196,Bylakuppe TCV ,Inactive, South Branch ,,,
????? ??????????????????????????????,4|219,Bangalore TCV College ,Inactive, South Branch ,,,
????? ????????????????????????,4|243,Hunsur LTA,Inactive, South Branch ,,,
????? ??????????????????????????????????????????????????,4|268,Bangalore TCV College Construction,Inactive, South Branch ,,,
????? ???????????????????,4|269,TCV Credit Co-operative Society Ltd,Inactive, South Branch ,,,
????? ???????????????????????,4|274,FTCI Bylakuppe Branch,Inactive, South Branch ,,,
????? ????????????????,4|282,Bylakuppe Dickey Larsoe BRDL,Inactive, South Branch ,,,
????? ??????????????????,4|288,Kollegal BRDL,Inactive, South Branch ,,,
????? ????????????????,4|289,Hunsur BRDL,Inactive, South Branch ,,,
????? ????????????????,4|292,Mundgod BRDL,Inactive, South Branch ,,,
????? ?????????????????,4|298,Bangalore BRDL,Inactive, South Branch ,,,
????? ??????????????????????????????????????????????????,4|319,Mundgod Tibetan Primary School (Unit of Sambhota Tibetan School),Inactive, South Branch ,,,
????? ?????????????????????????????????????,4|321,Bylakuppe Sambhota Coordinator Office,Inactive, South Branch ,,,
????? ????????????????????????????????????????,4|322,South Zone 10 PHC Head Office,Inactive, South Branch ,,,
????? ?????????????????????????????????,4|323,Bangalore Mentse Khang Project,Inactive, South Branch ,,,
????? ???????????????????????????,4|327,Bylakuppe STS School,Inactive, South Branch ,,,
????? ???????????????????????????????????????????????,4|328,Bylakuppe Dickey Larsoe STS School,Inactive, South Branch ,,,
????? ??????????????????????????????????,4|330,Mundgod STS (Camp 6),Inactive, South Branch ,,,
????? ????????????????????????????,4|331,Kollegal Sambhota Tibetan School,Inactive, South Branch ,,,
????? ????????????????????????????????????,4|332,Bylakuppe TCV School,Inactive, South Branch ,,,
????? ???????????????????????????????????,4|333,Hunsur STS School,Inactive, South Branch ,,,
??? ???????????????????????????,5|1,Kashag Secretariat (Reurring Expenses),Inactive, Head Office ,,,
??? ????????????????,5|2,Department of Religion & Culture (Reurring Expenses),Inactive, Head Office ,,,
??? ????????????????????,5|3,Department of Home (Reurring Expenses),Inactive, Head Office ,,,
??? ??????????????????????????????,5|4,Department of Finance (Reurring Expenses),Inactive, Head Office ,,,
??? ????????????????,5|5,Department of Education (Reurring Expenses),Inactive, Head Office ,,,
??? ?????????????????,5|6,Department of Security (Reurring Expenses),Inactive, Head Office ,,,
??? ????????????????????????? ????????????????,5|7,Department of Information and international Relation (Reurring Expenses),Inactive, Head Office ,,,
??? ???????????????????????? ??????????????????,5|8,Tibetan Supreme Justice Commission & Parliament Secretariat (Reurring Expenses),Inactive, Head Office ,,,
??? ???????????????????,5|9,Election Commission (Reurring Expenses),Inactive, Head Office ,,,
???? ?????????????????????????,5|10,Office of the Auditor General (Reurring Expenses),Inactive, Head Office ,,,
???? ????????????????????,5|11,Health Department (Reurring Expenses),Inactive, Head Office ,,,
???? ?????????????????????,5|12,Tibet Bureau Delhi (Reurring Expenses),Inactive, Head Office ,,,
???? ?????????????????,5|13,Planing Commission (Reurring Expenses),Inactive, Head Office ,,,
???? ???????????????????????,5|14,Reception Centre (Reurring Expenses),Inactive, Head Office ,,,
???? ????????????????,5|17,Election Commission (Reurring Expenses),Inactive, Head Office ,,,
???? ???????????????????????????,5|18,Office of Tibet - Geneva Swiss (Reurring Expenses),Inactive, Head Office ,,,
???? ???????????????????????????????????,5|19,Office of Tibet - Australia (Reurring Expenses),Inactive, Head Office ,,,
???? ?????????????????????????,5|20,Office of Tibet - US (Reurring Expenses),Inactive, Head Office ,,,
???? ??????????????????????????,5|21,Office of Tibet - Taiwan (Reurring Expenses),Inactive, Head Office ,,,
???? ??????????????????????????????,5|22,Office of Tibet - London (UK) (Reurring Expenses),Inactive, Head Office ,,,
???? ????????????????????????????,5|23,Office of Tibet - France (Reurring Expenses),Inactive, Head Office ,,,
???? ???????????????????????????,5|24,Office of Tibet - Japan (Reurring Expenses),Inactive, Head Office ,,,
???? ???????????????,5|25,Office of Tibet - Russia (Reurring Expenses),Inactive, Head Office ,,,
???? ??????????????????????????????????,5|26,Indo-Tibetan Coordination Office - Delhi (Reurring Expenses),Inactive, Head Office ,,,
???? ??????????????????????????????????,5|27,Office of Tibet - South Africa (Reurring Expenses),Inactive, Head Office ,,,
???? ??????????????????????????????????,5|28,Office of Tibet - South America (Reurring Expenses),Inactive, Head Office ,,,
???? ??????????????????????????????,5|29,Tibet Policy Institute (Reurring Expenses),Inactive, Head Office ,,,
